gi_number	country	geo_loc	collection_year	host	comment	isolate
HQ256770		Accra			These viruses had no specific location reported within Accra. Curated from the article Evolutionary history of rabies in Ghana (21483707), ; Curator: VGTK rabies team, SBOHVM, University of Glasgow	
HM368105		Accra			These viruses had no specific location reported within Accra. Curated from the article Evolutionary history of rabies in Ghana (21483707), ; Curator: VGTK rabies team, SBOHVM, University of Glasgow	
HM368113		Cape Coast			Curated from the article Evolutionary history of rabies in Ghana (21483707), ; Curator: VGTK rabies team, SBOHVM, University of Glasgow	
HM368123		Amasaman			Curated from the article Evolutionary history of rabies in Ghana (21483707), ; Curator: VGTK rabies team, SBOHVM, University of Glasgow	
HM368133		Accra			These viruses had no specific location reported within Accra. Curated from the article Evolutionary history of rabies in Ghana (21483707), ; Curator: VGTK rabies team, SBOHVM, University of Glasgow	
HM368142		Achimota			Curated from the article Evolutionary history of rabies in Ghana (21483707), ; Curator: VGTK rabies team, SBOHVM, University of Glasgow	
HM368152		Accra			These viruses had no specific location reported within Accra. Curated from the article Evolutionary history of rabies in Ghana (21483707), ; Curator: VGTK rabies team, SBOHVM, University of Glasgow	
HM368161		Mallam			Curated from the article Evolutionary history of rabies in Ghana (21483707), ; Curator: VGTK rabies team, SBOHVM, University of Glasgow	
HM368163		Cape Coast			These viruses were from cats. Curated from the article Evolutionary history of rabies in Ghana (21483707), ; Curator: VGTK rabies team, SBOHVM, University of Glasgow	
HM368091		Mallam			Curated from the article Evolutionary history of rabies in Ghana (21483707), ; Curator: VGTK rabies team, SBOHVM, University of Glasgow	
HM368092		Cape Coast			Curated from the article Evolutionary history of rabies in Ghana (21483707), ; Curator: VGTK rabies team, SBOHVM, University of Glasgow	
HM368093		Tema			Curated from the article Evolutionary history of rabies in Ghana (21483707), ; Curator: VGTK rabies team, SBOHVM, University of Glasgow	
HM368094		Labadi			Curated from the article Evolutionary history of rabies in Ghana (21483707), ; Curator: VGTK rabies team, SBOHVM, University of Glasgow	
HM368095		Tema			Curated from the article Evolutionary history of rabies in Ghana (21483707), ; Curator: VGTK rabies team, SBOHVM, University of Glasgow	
HM368096		Accra			These viruses had no specific location reported within Accra. Curated from the article Evolutionary history of rabies in Ghana (21483707), ; Curator: VGTK rabies team, SBOHVM, University of Glasgow	
HM368097		Akosombo			Curated from the article Evolutionary history of rabies in Ghana (21483707), ; Curator: VGTK rabies team, SBOHVM, University of Glasgow	
HM368098		Haatso			Curated from the article Evolutionary history of rabies in Ghana (21483707), ; Curator: VGTK rabies team, SBOHVM, University of Glasgow	
HM368099		Dansoman			Curated from the article Evolutionary history of rabies in Ghana (21483707), ; Curator: VGTK rabies team, SBOHVM, University of Glasgow	
HM368100		Madina			Curated from the article Evolutionary history of rabies in Ghana (21483707), ; Curator: VGTK rabies team, SBOHVM, University of Glasgow	
HM368101		Kasoa			Curated from the article Evolutionary history of rabies in Ghana (21483707), ; Curator: VGTK rabies team, SBOHVM, University of Glasgow	
HM368102		Accra			These viruses had no specific location reported within Accra. Curated from the article Evolutionary history of rabies in Ghana (21483707), ; Curator: VGTK rabies team, SBOHVM, University of Glasgow	
HM368103		Accra			These viruses had no specific location reported within Accra. Curated from the article Evolutionary history of rabies in Ghana (21483707), ; Curator: VGTK rabies team, SBOHVM, University of Glasgow	
HM368104		Accra			These viruses had no specific location reported within Accra. Curated from the article Evolutionary history of rabies in Ghana (21483707), ; Curator: VGTK rabies team, SBOHVM, University of Glasgow	
HM368106		Accra			These viruses had no specific location reported within Accra. Curated from the article Evolutionary history of rabies in Ghana (21483707), ; Curator: VGTK rabies team, SBOHVM, University of Glasgow	
HM368107		Abeka La-Paz			Curated from the article Evolutionary history of rabies in Ghana (21483707), ; Curator: VGTK rabies team, SBOHVM, University of Glasgow	
HM368108		Pokuase			Curated from the article Evolutionary history of rabies in Ghana (21483707), ; Curator: VGTK rabies team, SBOHVM, University of Glasgow	
HM368109		Cape Coast			Curated from the article Evolutionary history of rabies in Ghana (21483707), ; Curator: VGTK rabies team, SBOHVM, University of Glasgow	
HM368110		Kofondua			Curated from the article Evolutionary history of rabies in Ghana (21483707), ; Curator: VGTK rabies team, SBOHVM, University of Glasgow	
HM368111		Accra			These viruses had no specific location reported within Accra. Curated from the article Evolutionary history of rabies in Ghana (21483707), ; Curator: VGTK rabies team, SBOHVM, University of Glasgow	
HM368112		Accra			These viruses had no specific location reported within Accra. Curated from the article Evolutionary history of rabies in Ghana (21483707), ; Curator: VGTK rabies team, SBOHVM, University of Glasgow	
HM368114		Accra			These viruses had no specific location reported within Accra. Curated from the article Evolutionary history of rabies in Ghana (21483707), ; Curator: VGTK rabies team, SBOHVM, University of Glasgow	
HM368115		Brekusa			Curated from the article Evolutionary history of rabies in Ghana (21483707), ; Curator: VGTK rabies team, SBOHVM, University of Glasgow	
HM368116		Accra			These viruses had no specific location reported within Accra. Curated from the article Evolutionary history of rabies in Ghana (21483707), ; Curator: VGTK rabies team, SBOHVM, University of Glasgow	
HM368117		Accra			These viruses had no specific location reported within Accra. Curated from the article Evolutionary history of rabies in Ghana (21483707), ; Curator: VGTK rabies team, SBOHVM, University of Glasgow	
HM368118		Somanya			Curated from the article Evolutionary history of rabies in Ghana (21483707), ; Curator: VGTK rabies team, SBOHVM, University of Glasgow	
HM368119		Kasoa			Curated from the article Evolutionary history of rabies in Ghana (21483707), ; Curator: VGTK rabies team, SBOHVM, University of Glasgow	
HM368120		Accra			These viruses had no specific location reported within Accra. Curated from the article Evolutionary history of rabies in Ghana (21483707), ; Curator: VGTK rabies team, SBOHVM, University of Glasgow	
HM368121		Accra			These viruses had no specific location reported within Accra. Curated from the article Evolutionary history of rabies in Ghana (21483707), ; Curator: VGTK rabies team, SBOHVM, University of Glasgow	
HM368122		Tema			Curated from the article Evolutionary history of rabies in Ghana (21483707), ; Curator: VGTK rabies team, SBOHVM, University of Glasgow	
HM368124		Accra			These viruses had no specific location reported within Accra. Curated from the article Evolutionary history of rabies in Ghana (21483707), ; Curator: VGTK rabies team, SBOHVM, University of Glasgow	
HM368125		Tema			Curated from the article Evolutionary history of rabies in Ghana (21483707), ; Curator: VGTK rabies team, SBOHVM, University of Glasgow	
HM368126		Accra			These viruses had no specific location reported within Accra. Curated from the article Evolutionary history of rabies in Ghana (21483707), ; Curator: VGTK rabies team, SBOHVM, University of Glasgow	
HM368127		Tema			Curated from the article Evolutionary history of rabies in Ghana (21483707), ; Curator: VGTK rabies team, SBOHVM, University of Glasgow	
HM368128		Accra			These viruses had no specific location reported within Accra. Curated from the article Evolutionary history of rabies in Ghana (21483707), ; Curator: VGTK rabies team, SBOHVM, University of Glasgow	
HM368129		Accra			These viruses had no specific location reported within Accra. Curated from the article Evolutionary history of rabies in Ghana (21483707), ; Curator: VGTK rabies team, SBOHVM, University of Glasgow	
HM368130		Burma Camp			Curated from the article Evolutionary history of rabies in Ghana (21483707), ; Curator: VGTK rabies team, SBOHVM, University of Glasgow	
HM368131		Ashiaman			Curated from the article Evolutionary history of rabies in Ghana (21483707), ; Curator: VGTK rabies team, SBOHVM, University of Glasgow	
HM368132		Accra			These viruses had no specific location reported within Accra. Curated from the article Evolutionary history of rabies in Ghana (21483707), ; Curator: VGTK rabies team, SBOHVM, University of Glasgow	
HQ256771		Saltpond			Curated from the article Evolutionary history of rabies in Ghana (21483707), ; Curator: VGTK rabies team, SBOHVM, University of Glasgow	
HM368134		Accra			These viruses had no specific location reported within Accra. Curated from the article Evolutionary history of rabies in Ghana (21483707), ; Curator: VGTK rabies team, SBOHVM, University of Glasgow	
HM368135		Accra			These viruses had no specific location reported within Accra. Curated from the article Evolutionary history of rabies in Ghana (21483707), ; Curator: VGTK rabies team, SBOHVM, University of Glasgow	
HM368136		Teshie			Curated from the article Evolutionary history of rabies in Ghana (21483707), ; Curator: VGTK rabies team, SBOHVM, University of Glasgow	
HM368137		Labadi			Curated from the article Evolutionary history of rabies in Ghana (21483707), ; Curator: VGTK rabies team, SBOHVM, University of Glasgow	
HM368138		"Nii Boi	Town"			Curated from the article Evolutionary history of rabies in Ghana (21483707), ; Curator: VGTK rabies team, SBOHVM, University of Glasgow	
HM368139		Ashile			Curated from the article Evolutionary history of rabies in Ghana (21483707), ; Curator: VGTK rabies team, SBOHVM, University of Glasgow	
HM368140		Tema			Curated from the article Evolutionary history of rabies in Ghana (21483707), ; Curator: VGTK rabies team, SBOHVM, University of Glasgow	
HM368141		Macarthy hills			Curated from the article Evolutionary history of rabies in Ghana (21483707), ; Curator: VGTK rabies team, SBOHVM, University of Glasgow	
HM368143		Cape Coast			Curated from the article Evolutionary history of rabies in Ghana (21483707), ; Curator: VGTK rabies team, SBOHVM, University of Glasgow	
HM368144		Burma			Curated from the article Evolutionary history of rabies in Ghana (21483707), ; Curator: VGTK rabies team, SBOHVM, University of Glasgow	
HM368145		Accra			These viruses had no specific location reported within Accra. Curated from the article Evolutionary history of rabies in Ghana (21483707), ; Curator: VGTK rabies team, SBOHVM, University of Glasgow	
HM368146		Accra			These viruses had no specific location reported within Accra. Curated from the article Evolutionary history of rabies in Ghana (21483707), ; Curator: VGTK rabies team, SBOHVM, University of Glasgow	
HM368147		Dawsoman			Curated from the article Evolutionary history of rabies in Ghana (21483707), ; Curator: VGTK rabies team, SBOHVM, University of Glasgow	
HM368148		Accra			These viruses had no specific location reported within Accra. Curated from the article Evolutionary history of rabies in Ghana (21483707), ; Curator: VGTK rabies team, SBOHVM, University of Glasgow	
HM368149		Tema			Curated from the article Evolutionary history of rabies in Ghana (21483707), ; Curator: VGTK rabies team, SBOHVM, University of Glasgow	
HM368150		Abeka La-Paz			Curated from the article Evolutionary history of rabies in Ghana (21483707), ; Curator: VGTK rabies team, SBOHVM, University of Glasgow	
HM368151		Accra			These viruses had no specific location reported within Accra. Curated from the article Evolutionary history of rabies in Ghana (21483707), ; Curator: VGTK rabies team, SBOHVM, University of Glasgow	
HM368153		Juapong			Curated from the article Evolutionary history of rabies in Ghana (21483707), ; Curator: VGTK rabies team, SBOHVM, University of Glasgow	
HM368154		Tema			Curated from the article Evolutionary history of rabies in Ghana (21483707), ; Curator: VGTK rabies team, SBOHVM, University of Glasgow	
HM368155		Gbawe			Curated from the article Evolutionary history of rabies in Ghana (21483707), ; Curator: VGTK rabies team, SBOHVM, University of Glasgow	
HM368156		Kokrobitey			Curated from the article Evolutionary history of rabies in Ghana (21483707), ; Curator: VGTK rabies team, SBOHVM, University of Glasgow	
HM368157		Accra			These viruses had no specific location reported within Accra. Curated from the article Evolutionary history of rabies in Ghana (21483707), ; Curator: VGTK rabies team, SBOHVM, University of Glasgow	
HM368158		Accra			These viruses had no specific location reported within Accra. Curated from the article Evolutionary history of rabies in Ghana (21483707), ; Curator: VGTK rabies team, SBOHVM, University of Glasgow	
HM368159		Legon			These viruses were from cats. Curated from the article Evolutionary history of rabies in Ghana (21483707), ; Curator: VGTK rabies team, SBOHVM, University of Glasgow	
HM368160		Kwabenya			Curated from the article Evolutionary history of rabies in Ghana (21483707), ; Curator: VGTK rabies team, SBOHVM, University of Glasgow	
HQ256772		Dome			Curated from the article Evolutionary history of rabies in Ghana (21483707), ; Curator: VGTK rabies team, SBOHVM, University of Glasgow	
HM368162		Asamankese			Curated from the article Evolutionary history of rabies in Ghana (21483707), ; Curator: VGTK rabies team, SBOHVM, University of Glasgow	
