sequence_id	major_clade
AB041966	Indian-Sub
AB247428	Bats
AB362483	Cosmopolitan
AB383163	Bats
AB383164	Bats
AB383165	Bats
AB383166	Bats
AB383167	Bats
AB383168	Bats
AB383170	Bats
AB383171	Bats
AB383172	Bats
AB517659	Cosmopolitan
AB517660	Cosmopolitan
AB519641	Bats
AB519642	Bats
AB635373	Indian-Sub
AB645847	Cosmopolitan
AB981663	Asian
AB981664	Asian
AF325462	Cosmopolitan
AF325463	Cosmopolitan
AF325464	Cosmopolitan
AF325466	Cosmopolitan
AF325467	Cosmopolitan
AF325469	Cosmopolitan
AF325477	Cosmopolitan
AF325478	Cosmopolitan
AF325480	Africa-2
AF325481	Africa-2
AF325483	Africa-2
AF325484	Africa-2
AF325485	Africa-3
AF325487	Asian
AF325489	Indian-Sub
AF325494	Bats
AF325495	Bats
AF351830	Bats
AF351831	Bats
AF351832	Bats
AF351835	Bats
AF351836	Bats
AF351838	Bats
AF351839	Bats
AF351849	Bats
AF351850	Bats
AF351854	Bats
AF351855	Bats
AF351859	Bats
AF351860	Bats
AF351861	Bats
AF351862	Bats
AF369265	Arctic
AF369266	Arctic
AF369272	Cosmopolitan
AF369273	Cosmopolitan
AF369274	Cosmopolitan
AF369280	Cosmopolitan
AF369284	Arctic
AF369285	Cosmopolitan
AF369286	Cosmopolitan
AF369287	RAC-SK
AF369291	RAC-SK
AF369289	Cosmopolitan
AF369293	RAC-SK
AF369294	RAC-SK
AF369297	Cosmopolitan
AF369298	Africa-3
AF369301	Africa-3
AF369302	Africa-3
AF369309	Indian-Sub
AF369311	Cosmopolitan
AF369314	Cosmopolitan
AF369315	Cosmopolitan
AF369317	Arctic
AF369320	Indian-Sub
AF369321	Indian-Sub
AF369322	Cosmopolitan
AF369326	Africa-2
AF369329	Cosmopolitan
AF369330	Arctic
AF369331	Cosmopolitan
AF369333	Cosmopolitan
AF369337	Cosmopolitan
AF369338	Bats
AF369340	Bats
AF369341	Bats
AF369342	Bats
AF369345	Bats
AF369346	Bats
AF369347	Bats
AF369348	Bats
AF369356	Bats
AF369357	Bats
AF369350	Bats
AF369355	Bats
AF369339	Bats
AF369351	Bats
AF369343	Bats
AF369344	Bats
AF369349	Bats
AF369352	Bats
AF369353	Bats
AF369354	Bats
AF369358	Bats
AF369359	Bats
AF394887	Bats
AF467949	Africa-3
AY039226	Bats
AY039227	Bats
AY039229	Bats
AY138549	Indian-Sub
AY170413	Bats
AY352459	Arctic
AY352474	Cosmopolitan
AY352487	Arctic
AY352493	Arctic
AY705373	Bats
AY956319	Arctic
EF437215	Arctic
EF611853	Arctic
EU086144	Asian
EU086146	Asian
EU086152	Asian
EU086155	Asian
EU086205	Asian
EU293111	Asian
EU293115	Cosmopolitan
EU293116	Bats
EU311738	RAC-SK
EU643590	Asian
EU853614	Africa-2
FJ712194	Asian
FJ712195	Asian
FJ712196	Asian
FJ866835	Asian
FJ866836	Asian
GU345746	Asian
GU345747	Asian
GU345748	Asian
GU358653	Asian
GU644682	Bats
GU644683	Bats
GU644851	Bats
GU647092	Asian
HE802675	Arctic
HE802676	Arctic
HQ450385	Asian
HQ450386	Cosmopolitan
JN609295	Asian
JN786877	Asian
JQ423952	Asian
JQ647510	Asian
JQ685892	Bats
JQ685893	Bats
JQ685894	Cosmopolitan
JQ685895	Bats
JQ685896	Bats
JQ685897	Bats
JQ685898	Bats
JQ685899	Cosmopolitan
JQ685900	Bats
JQ685901	RAC-SK
JQ685902	Bats
JQ685903	Bats
JQ685904	Bats
JQ685905	Bats
JQ685906	Bats
JQ685907	Bats
JQ685908	Bats
JQ685909	Bats
JQ685910	Bats
JQ685911	Bats
JQ685912	Bats
JQ685913	Bats
JQ685914	Bats
JQ685915	Bats
JQ685916	Bats
JQ685917	Bats
JQ685918	Bats
JQ685919	Bats
JQ685920	Bats
JQ685921	Bats
JQ685922	Bats
JQ685923	Bats
JQ685924	Bats
JQ685925	Bats
JQ685926	Bats
JQ685927	Bats
JQ685928	Bats
JQ685929	RAC-SK
JQ685930	Bats
JQ685931	Bats
JQ685932	Bats
JQ685933	Bats
JQ685934	Bats
JQ685935	Bats
JQ685936	Bats
JQ685937	Bats
JQ685938	RAC-SK
JQ685939	Bats
JQ685940	Bats
JQ685941	Bats
JQ685942	Bats
JQ685943	Cosmopolitan
JQ685944	Cosmopolitan
JQ685945	Bats
JQ685946	Bats
JQ685947	Bats
JQ685948	Bats
JQ685949	Bats
JQ685950	Bats
JQ685951	Bats
JQ685952	Bats
JQ685953	Bats
JQ685954	RAC-SK
JQ685955	Bats
JQ685956	Bats
JQ685957	Bats
JQ685958	Bats
JQ685959	Bats
JQ685960	Bats
JQ685961	Bats
JQ685962	Bats
JQ685963	Bats
JQ685964	Bats
JQ685965	Bats
JQ685966	Bats
JQ685967	Cosmopolitan
JQ685968	RAC-SK
JQ685969	Bats
JQ685970	Cosmopolitan
JQ685971	Bats
JQ685972	Bats
JQ685973	Bats
JQ685974	Bats
JQ685975	Cosmopolitan
JQ685976	Bats
JQ685977	Bats
JQ685978	Bats
JQ685979	Bats
JQ685980	Arctic
JQ685981	Arctic
JQ685982	Arctic
JQ685983	Arctic
JQ685984	Cosmopolitan
JQ685985	Cosmopolitan
JQ685986	RAC-SK
JQ685987	Cosmopolitan
JQ685988	Arctic
JQ685989	Cosmopolitan
JQ685990	Arctic
JQ685991	RAC-SK
JQ685992	Indian-Sub
JQ685993	RAC-SK
JQ685994	RAC-SK
JQ685995	Cosmopolitan
JQ685996	Bats
JQ685997	Bats
JQ685998	Bats
JQ685999	Bats
JQ686000	Bats
JQ686001	Bats
JQ686002	Bats
JQ686003	Bats
JQ686004	Bats
JQ686005	Bats
JQ686006	Bats
JQ686007	Bats
JQ686008	Bats
JQ686009	Bats
JQ686010	Bats
JQ686011	Bats
JQ686012	Bats
JQ686013	Bats
JQ730682	Asian
JQ944704	Cosmopolitan
JQ944705	Cosmopolitan
JQ944706	Cosmopolitan
JQ944707	Arctic
JQ944708	Cosmopolitan
JQ970480	Asian
JQ970481	Asian
JQ970482	Asian
JQ970483	Asian
JQ970484	Asian
JQ970485	Asian
JQ970486	Asian
JQ970487	Asian
JX088694	Asian
JX473838	Cosmopolitan
JX473839	Cosmopolitan
JX473840	Cosmopolitan
JX473841	Cosmopolitan
KC169986	Asian
KC171643	Arctic
KC171644	Arctic
KC171645	Arctic
KC193267	Asian
KC196743	Africa-2
KC252634	Asian
KC595280	Cosmopolitan
KC595281	Cosmopolitan
KC595282	Cosmopolitan
KC595283	Cosmopolitan
KC737850	Cosmopolitan
KC762941	Asian
KC977995	Asian
KF154996	Arctic
KF154997	Cosmopolitan
KF154998	Cosmopolitan
KF154999	Indian-Sub
KF155000	Cosmopolitan
KF155001	Cosmopolitan
KF155002	Cosmopolitan
KF620487	Asian
KF620488	Asian
KF620489	Asian
KF726852	Asian
KF726853	Asian
KF977826	Africa-2
KJ004416	Asian
KJ564280	Asian
KM016899	Cosmopolitan
KM272192	Arctic
KP723638	Cosmopolitan
KX148100	Bats
KX148101	Cosmopolitan
KX148102	Cosmopolitan
KX148103	Cosmopolitan
KX148104	Cosmopolitan
KX148105	Arctic
KX148106	Arctic
KX148107	Africa-2
KX148108	Indian-Sub
KX148109	Bats
KX148110	Cosmopolitan
KX148111	Cosmopolitan
KX148112	Cosmopolitan
KX148113	Cosmopolitan
KX148114	Cosmopolitan
KX148115	Cosmopolitan
KX148116	Cosmopolitan
KX148117	Cosmopolitan
KX148118	Cosmopolitan
KX148119	Cosmopolitan
KX148120	Cosmopolitan
KX148121	Cosmopolitan
KX148122	Cosmopolitan
KX148123	Cosmopolitan
KX148124	Cosmopolitan
KX148125	Cosmopolitan
KX148126	Cosmopolitan
KX148127	Cosmopolitan
KX148128	Cosmopolitan
KX148129	Cosmopolitan
KX148130	Cosmopolitan
KX148131	Cosmopolitan
KX148132	Cosmopolitan
KX148133	Cosmopolitan
KX148134	Cosmopolitan
KX148135	Cosmopolitan
KX148136	Cosmopolitan
KX148137	Cosmopolitan
KX148138	Cosmopolitan
KX148139	Cosmopolitan
KX148140	Cosmopolitan
KX148141	Cosmopolitan
KX148142	Cosmopolitan
KX148143	Cosmopolitan
KX148144	Cosmopolitan
KX148145	Cosmopolitan
KX148146	Cosmopolitan
KX148147	Cosmopolitan
KX148148	Cosmopolitan
KX148149	Cosmopolitan
KX148150	Cosmopolitan
KX148151	Cosmopolitan
KX148152	Cosmopolitan
KX148153	Cosmopolitan
KX148154	Cosmopolitan
KX148155	Cosmopolitan
KX148156	Cosmopolitan
KX148157	Cosmopolitan
KX148158	Cosmopolitan
KX148159	Cosmopolitan
KX148160	Cosmopolitan
KX148161	Cosmopolitan
KX148162	Cosmopolitan
KX148163	Cosmopolitan
KX148164	Cosmopolitan
KX148165	Cosmopolitan
KX148166	Cosmopolitan
KX148167	Cosmopolitan
KX148168	Cosmopolitan
KX148169	Cosmopolitan
KX148170	Cosmopolitan
KX148171	Cosmopolitan
KX148172	Cosmopolitan
KX148173	Cosmopolitan
KX148174	Cosmopolitan
KX148175	Cosmopolitan
KX148176	Cosmopolitan
KX148177	Cosmopolitan
KX148178	Cosmopolitan
KX148179	Cosmopolitan
KX148180	Cosmopolitan
KX148181	Cosmopolitan
KX148182	Cosmopolitan
KX148183	Cosmopolitan
KX148184	Cosmopolitan
KX148185	Cosmopolitan
KX148186	Cosmopolitan
KX148187	Cosmopolitan
KX148188	Cosmopolitan
KX148189	Cosmopolitan
KX148190	Cosmopolitan
KX148191	Cosmopolitan
KX148192	Cosmopolitan
KX148193	Cosmopolitan
KX148194	Cosmopolitan
KX148195	Cosmopolitan
KX148196	Cosmopolitan
KX148197	Cosmopolitan
KX148198	Cosmopolitan
KX148199	Cosmopolitan
KX148200	Cosmopolitan
KX148201	Cosmopolitan
KX148202	Cosmopolitan
KX148203	Cosmopolitan
KX148204	Cosmopolitan
KX148205	Cosmopolitan
KX148206	Cosmopolitan
KX148207	Cosmopolitan
KX148208	Cosmopolitan
KX148209	Cosmopolitan
KX148210	Cosmopolitan
KX148211	Cosmopolitan
KX148212	Cosmopolitan
KX148213	Cosmopolitan
KX148214	Cosmopolitan
KX148215	Cosmopolitan
KX148216	Cosmopolitan
KX148217	Cosmopolitan
KX148218	Africa-3
KX148219	Africa-3
KX148220	Africa-3
KX148221	Africa-3
KX148222	Africa-3
KX148223	Africa-3
KX148224	Arctic
KX148225	Arctic
KX148226	Arctic
KX148227	Arctic
KX148228	Arctic
KX148229	Africa-2
KX148230	Africa-2
KX148231	Africa-2
KX148232	Africa-2
KX148233	Africa-2
KX148234	Africa-2
KX148235	Africa-2
KX148236	Africa-2
KX148237	Africa-2
KX148238	Africa-2
KX148239	Africa-2
KX148240	Africa-2
KX148241	Africa-2
KX148242	Africa-2
KX148243	Africa-2
KX148244	Africa-2
KX148245	Indian-Sub
KX148246	Indian-Sub
KX148247	Asian
KX148248	Asian
KX148249	Asian
KX148250	Asian
KX148251	Asian
KX148252	Asian
KX148253	Asian
KX148254	Asian
KX148255	Asian
KX148256	Asian
KX148257	Asian
KX148258	Asian
KX148259	Asian
KX148260	Asian
KX148261	Asian
KX148262	Asian
KX148263	Asian
KX148264	Asian
KX148265	Asian
KX148266	Asian
KX148267	Asian
KX148268	Bats
KX148269	Bats
M31046	Cosmopolitan
NC_001542	Cosmopolitan
U22480	Cosmopolitan
U22481	Cosmopolitan
U22483	Cosmopolitan
U22487	Africa-2
U22488	Cosmopolitan
U22637	Cosmopolitan
U22648	Cosmopolitan
U42703	Cosmopolitan
U42706	Cosmopolitan
U43432	Cosmopolitan
U52946	Bats
ARdgAA35TU1995	Cosmopolitan
ARdgAA39TU1996	Cosmopolitan
ARdgAA38TU1996	Cosmopolitan
ARdgAA53FO2000	Cosmopolitan
ARdgAA71FO2000	Cosmopolitan
ARCthAA474CH2004	Cosmopolitan
ARdgAA911CH2008	Cosmopolitan
ARdgAB124FO2012	Cosmopolitan
ARNnaAA929CH2009	Cosmopolitan
ARdgAA957CH2009	Cosmopolitan
ARdgAA959CH2009	Cosmopolitan
ARdgA874CH2008	Cosmopolitan
ARCthAB193CH2013	Cosmopolitan
ARdgAB122CH2015	Cosmopolitan
ARdg682CH2017	Cosmopolitan
ARdg739CH2016	Cosmopolitan
ARCthA696CH2006	Cosmopolitan
ARCth552CH1997	Cosmopolitan
ARdgAA774FO2007	Cosmopolitan
ARNnaAA966FO2009	Cosmopolitan
ARNnaAB361FO2013	Cosmopolitan
ARdgAB118FO2015	Cosmopolitan
ARdgAA888FO2008	Cosmopolitan
ARdgAB357FO2013	Cosmopolitan
ARdgAA881FO2007	Cosmopolitan
ARCthAA886FO2008	Cosmopolitan
ARdgAB160FO2013	Cosmopolitan
ARdgAB353FO2013	Cosmopolitan
ARdgAB362FO2013	Cosmopolitan
ARCthAB356FO2013	Cosmopolitan
ARdgA166FO2002	Cosmopolitan
ARdgAA148CH2002	Cosmopolitan
ARdgAA112CH2001	Cosmopolitan
ARdgAA120CH2001	Cosmopolitan
ARCthA119CH2001	Cosmopolitan
PAdg369IT1992	Cosmopolitan
PAdg352IT1991	Cosmopolitan
PP965373	Cosmopolitan
PP965367	Cosmopolitan
PP965364	Cosmopolitan
PP965360	Cosmopolitan
PP965366	Cosmopolitan
PP965361	Cosmopolitan
PP965351	Cosmopolitan
PP965365	Cosmopolitan
PP965369	Cosmopolitan
PP965371	Cosmopolitan
PP965368	Cosmopolitan
PP965362	Cosmopolitan
PP965344	Cosmopolitan
PP965347	Cosmopolitan
PP965374	Cosmopolitan
PP965345	Cosmopolitan
PP965363	Cosmopolitan
PP965354	Cosmopolitan
PP965359	Cosmopolitan
PP965357	Cosmopolitan
PP965349	Cosmopolitan
PP965355	Cosmopolitan
PP965352	Cosmopolitan
PP965353	Cosmopolitan
PP965343	Cosmopolitan
PP965358	Cosmopolitan
PP965348	Cosmopolitan
PP965346	Cosmopolitan
PP965356	Cosmopolitan
PP965350	Cosmopolitan
PP965370	Cosmopolitan
PP965372	Cosmopolitan
