AJ851228	1
HQ537007	1
KC248195	1
KJ439776	1
KJ439777	1
KJ439780	1
KY348757	1
MH921830	1
AF009606	1a
AJ278830	1a
EF407457	1a
HQ850279	1a
M62321	1a
M67463	1a
D90208	1b
EU781827	1b
EU781828	1b
M58335	1b
AY051292	1c
AY651061	1c
D14853	1c
KJ439768	1d
KC248194	1e
AM910652	1g
KC248198	1h
KC248199	1h
KJ439772	1i
KJ439773	1j
KJ439774	1k
KC248193	1l
KC248196	1l
KC248197	1l
KJ439778	1m
KJ439782	1m
KJ439775	1n
KJ439781	1n
KJ439779	1o
MH885469	1o
JF735110	2
JF735116	2
JF735117	2
JF735118	2
JF735119	2
KC197236	2
KC197237	2
KC197239	2
MW041294	2
MW041296	2
AB047639	2a
D00944	2a
HQ639944	2a
AB030907	2b
AB661382	2b
AB661388	2b
D10988	2b
D50409	2c
JX227949	2c
JF735114	2d
JF735120	2e
KC844042	2f
KC844050	2f
DQ155561	2i
HM777358	2j
HM777359	2j
JF735113	2j
AB031663	2k
JX227953	2k
JF735111	2m
JX227967	2m
FN666428	2q
FN666429	2q
JF735115	2r
KC197238	2t
JF735112	2u
MW041295	2v
MW041297	2v
MW041298	2v
MW041299	2v
JF735124	3
D17763	3a
D28917	3a
JN714194	3a
X76918	3a
D49374	3b
JQ065709	3b
KJ470619	3d
KJ470618	3e
JF735123	3g
JX227954	3g
JF735121	3h
JF735126	3h
FJ407092	3i
JX227955	3i
D63821	3k
JF735122	3k
FJ025854	4
JF735127	4
JF735129	4
JF735130	4
JF735131	4
JF735132	4
JF735134	4
JF735135	4
JF735138	4
JX227964	4
DQ418789	4a
DQ988074	4a
Y11604	4a
FJ462435	4b
FJ462436	4c
DQ418786	4d
EU392172	4d
FJ462437	4d
EF589161	4f
EU392174	4f
EU392175	4f
JX227963	4g?
FJ462432	4g
JX227971	4g
EU392171	4k
EU392173	4k
FJ462438	4k
FJ839870	4l
JX227957	4l
FJ462433	4m
JX227972	4m
FJ462441	4n
JX227970	4n
FJ462440	4o
JX227977	4o
FJ462431	4p
FJ462434	4q
FJ462439	4r
JX227976	4r
JF735136	4s
FJ839869	4t
HQ537008	4v
HQ537009	4v
JX227959	4v
JX227960	4v
FJ025855	4w
FJ025856	4w
KT595242	5
AF064490	5a
Y13184	5a
JX183550	6
JX183551	6
JX183553	6
JX183554	6
JX183558	6
KC844039	6
KC844040	6
KJ470620	6
KJ470621	6
KJ470622	6
KJ470623	6
KJ470624	6
KJ470625	6
KJ567644	6
KJ567648	6
KJ567649	6
KJ567650	6
KJ567652	6
MG878999	6
MN240359	6
AY859526	6a
EU246930	6a
HQ639936	6a
Y12083	6a
D84262	6b
EF424629	6c
D84263	6d
EU246931	6
DQ314805	6e
EU246932	6e
DQ835760	6f
EU246936	6f
D63822	6g
DQ314806	6g
D84265	6h
DQ835762	6i
DQ835770	6i
DQ835761	6j
DQ835769	6j
D84264	6k
EF424628	6l
JX183556	6l
DQ835766	6m
DQ835767	6m
DQ278894	6n
DQ835768	6n
EU246938	6n
EF424627	6o
EU246934	6o
EF424626	6p
EF424625	6q
EU408328	6r
EU408329	6s
EF632071	6t
EU246939	6t
EU246940	6u
EU158186	6v
EU798760	6v
EU798761	6v
DQ278892	6w
EU643834	6w
EU643836	6w
EU408330	6xa
EU408331	6xa
EU408332	6xa
JX183552	6xb
KJ567645	6xb
KJ567651	6xc
KM252789	6xd
KM252790	6xd
KM252791	6xd
JX183557	6xe
KM252792	6xe
KJ567646	6xf
KJ567647	6xf
MH492360	6xg
MH492361	6xg
MH492362	6xg
MG879000	6xh
JX183549	6xi
MZ504973	6xi
MZ504976	6xi
DQ278891	6xj
DQ278893	6xj
MZ171127	6xj
MZ171134	6xj
KU861171	7
EF108306	7a
KX092342	7b
MH590698	8a
MH590699	8a
MH590700	8a
MH590701	8a
